pattern,num_sites,total_energy
nm,4,-1316.85229421 
f-type,4,-1316.95800150 
a-type,4,-1316.88332014 
g-type,4,-1315.58015922 
                               
