pattern,num_sites,total_energy
nm,4,-1315.54874768 
f-type,4,-1315.55059908 
a-type,4,-1315.57949860 
g-type,4,-1315.57855468 
