pattern,num_sites,total_energy
nm,4,-222.08724505  
f-type,4,-222.24281297
a-type,4,-222.11040144
g-type,4,-222.17345230
